min_value,max_value,mean_value,median_value,std_dev_value,time_interval
9533.724784851074,65523.70762825012,25783.885180950165,14039.054155349731,23128.764225518007,"[9533.724784851074, 10833.15134048462, 17244.956970214844, 65523.70762825012]"
180.9292,10532.8331,3392.487125,1428.0931,4175.3621019419,"[180.9292, 828.8177, 2027.3685, 10532.8331]"
3.0,3741.0,1041.75,211.5,1567.551175400663,"[3.0, 5.0, 418.0, 3741.0]"
