min_value,max_value,mean_value,median_value,std_dev_value,time_interval
16.999244689941406,84509.07039642334,24149.96975660324,6036.904692649841,35087.654211307025,"[16.999244689941406, 1411.628246307373, 10662.18113899231, 84509.07039642334]"
17.0789,8033.3654,2311.487225,597.7523,3324.019509667679,"[17.0789, 198.7231, 996.7814999999999, 8033.3654]"
0.0,6717.0,1906.25,454.0,2794.833749527868,"[0.0, 101.0, 807.0, 6717.0]"
