min_value,max_value,mean_value,median_value,std_dev_value,time_interval
12599.519968032837,37393.24617385864,20881.68239593506,16766.981720924377,9785.538419012968,"[12599.519968032837, 14774.54948425293, 18759.413957595825, 37393.24617385864]"
2336.0524,21165.2954,9466.248125,7181.82235,7051.235488927455,"[2336.0524, 6575.5686, 7788.0761, 21165.2954]"
3.0,1666.0,467.75,101.0,696.2827640405872,"[3.0, 5.0, 197.0, 1666.0]"
