min_value,max_value,mean_value,median_value,std_dev_value,time_interval
11342.684984207153,37578.94515991211,19548.862993717194,14636.910915374756,10578.019990350016,"[11342.684984207153, 12779.727458953857, 16494.094371795654, 37578.94515991211]"
2253.6541,18949.0994,7568.417625,4535.458500000001,6660.7856125243425,"[2253.6541, 3729.2486, 5341.6684000000005, 18949.0994]"
3.0,1789.0,491.25,86.5,752.2966087255744,"[3.0, 4.0, 169.0, 1789.0]"
