min_value,max_value,mean_value,median_value,std_dev_value,time_interval
9596.899032592773,57450.70767402649,23517.54266023636,13511.281967163086,19741.23589374558,"[9596.899032592773, 10925.642251968384, 16096.921682357788, 57450.70767402649]"
227.1786,36943.4461,11356.9113,4128.510249999999,14953.848267301537,"[227.1786, 1738.0045, 6519.016, 36943.4461]"
6.0,19515.0,5565.0,1369.5,8108.132244851461,"[6.0, 307.0, 2432.0, 19515.0]"
