min_value,max_value,mean_value,median_value,std_dev_value,time_interval
11331.909894943237,33478.05953025818,18481.542766094208,14558.100819587708,8830.72321791596,"[11331.909894943237, 12956.986904144287, 16159.214735031128, 33478.05953025818]"
2509.0732,54296.005,20426.31985,12450.100600000002,20166.361516106073,"[2509.0732, 8493.7702, 16406.431, 54296.005]"
3.0,9156.0,2610.25,641.0,3805.958708065551,"[3.0, 121.0, 1161.0, 9156.0]"
