min_value,max_value,mean_value,median_value,std_dev_value,time_interval
16.185998916625977,83711.08651161194,23931.970477104187,6000.304698944092,34749.2208714581,"[16.185998916625977, 1448.5650062561035, 10552.04439163208, 83711.08651161194]"
25.6072,30308.1808,8733.625225,2300.35645,12545.236173304427,"[25.6072, 647.0443, 3953.6686, 30308.1808]"
1.0,35658.0,10179.25,2529.0,14812.170525871621,"[1.0, 556.0, 4502.0, 35658.0]"
