min_value,max_value,mean_value,median_value,std_dev_value,time_interval
12787.570714950562,33431.35595321655,19641.78514480591,16174.10695552826,8197.660287573033,"[12787.570714950562, 14221.616983413696, 18126.596927642822, 33431.35595321655]"
3084.7405,60789.4867,24276.203075,16615.29255,22169.329689872444,"[3084.7405, 10860.31, 22370.2751, 60789.4867]"
3.0,8370.0,2396.75,607.0,3474.9914658168586,"[3.0, 114.0, 1100.0, 8370.0]"
