min_value,max_value,mean_value,median_value,std_dev_value,time_interval
12500.625133514404,33386.74521446228,19605.80539703369,16267.92562007904,8199.54265015742,"[12500.625133514404, 14500.26798248291, 18035.58325767517, 33386.74521446228]"
2335.0396,18686.0743,8193.97075,5877.384550000001,6261.619974596299,"[2335.0396, 4958.939, 6795.8301, 18686.0743]"
3.0,1417.0,392.0,74.0,594.5573984065794,"[3.0, 4.0, 144.0, 1417.0]"
