min_value,max_value,mean_value,median_value,std_dev_value,time_interval
9524.784088134766,56560.98818778992,23197.756469249725,13352.62680053711,19415.11073099973,"[9524.784088134766, 10718.472480773926, 15986.781120300293, 56560.98818778992]"
159.7813,9767.7163,3060.63285,1157.5169,3916.7766348932296,"[159.7813, 557.122, 1757.9118, 9767.7163]"
3.0,3375.0,946.25,203.5,1411.7633255967517,"[3.0, 3.0, 404.0, 3375.0]"
