min_value,max_value,mean_value,median_value,std_dev_value,time_interval
10207.351446151733,37411.15379333496,18532.395899295807,13255.539178848267,11025.810147549415,"[10207.351446151733, 11695.14513015747, 14815.933227539062, 37411.15379333496]"
1015.9908,13471.5794,4783.2083,2322.6315,5051.490925464452,"[1015.9908, 1947.3677, 2697.8953, 13471.5794]"
3.0,1852.0,516.0,104.5,775.7792856218836,"[3.0, 3.0, 206.0, 1852.0]"
