min_value,max_value,mean_value,median_value,std_dev_value,time_interval
11139.963865280151,33339.92600440979,18180.912137031555,14121.87933921814,8916.096059010033,"[11139.963865280151, 12438.886880874634, 15804.871797561646, 33339.92600440979]"
1819.85,15335.1373,6124.1828000000005,3670.8719499999997,5378.111357996634,"[1819.85, 3290.1521, 4051.5918, 15335.1373]"
3.0,1482.0,407.0,71.5,623.1665106534529,"[3.0, 3.0, 140.0, 1482.0]"
