min_value,max_value,mean_value,median_value,std_dev_value,time_interval
16.000032424926758,82073.1999874115,23494.979083538055,5945.358157157898,34060.68346318679,"[16.000032424926758, 1369.7805404663086, 10520.935773849487, 82073.1999874115]"
14.4528,6363.8755,1896.8247000000001,604.48525,2605.4103752966107,"[14.4528, 207.9354, 1001.0350999999999, 6363.8755]"
0.0,5887.0,1663.5,383.5,2454.01247959337,"[0.0, 62.0, 705.0, 5887.0]"
